Workbook

Sheet LT22 Export
A1: Material | B1: Source Storage Bin | C1: Source target qty | D1: Alternative Unit of Measure | E1: Queue | F1: Batch | G1: Transfer Order Number | H1: Dest.Storage Bin | I1: Filler | J1: Filler
A2: 10192165 | B2: R-12-02-12 | C2: 210 | D2: TH | E2: GITPD | F2: 0016491912 | G2: 1879454 | H2: 3202656508
A3: 10198439 | B3: R-11-01-03 | C3: 8.61 | D3: KG | E3: CASE | F3: 74102024 | G3: 1879455 | H3: 3202656509
A4: 10185733 | B4: R-04-01-07 | C4: 124.2 | D4: KG | E4: GITPD | F4: 55142024 | G4: 1879456 | H4: 3202656509
A5: 10185733 | B5: R-04-01-08 | C5: 124.2 | D5: KG | E5: GITPD | F5: 55142024 | G5: 1879457 | H5: 3202656509
A6: 10179241 | B6: R-11-03-14 | C6: 124.2 | D6: KG | E6: GITPD | F6: 55152024 | G6: 1879458 | H6: 3202656509
A7: 10198491 | B7: G7E12 | C7: 37.6 | D7: KG | E7: GITPD | F7: 74142024 | G7: 1879459 | H7: 3202656509
A8: 10198491 | B8: G7E12 | C8: 37.6 | D8: KG | E8: GITPD | F8: 74142024 | G8: 1879460 | H8: 3202656509
A9: 10198491 | B9: G7B03 | C9: 37.6 | D9: KG | E9: GITPD | F9: 74152024 | G9: 1879601 | H9: 3202656509
A10: 10198491 | B10: G7B04 | C10: 37.6 | D10: KG | E10: GITPD | F10: 74152024 | G10: 1879602 | H10: 3202656509
A11: 10198491 | B11: G7B04 | C11: 37.6 | D11: KG | E11: GITPD | F11: 74152024 | G11: 1879603 | H11: 3202656509
A12: 10198469 | B12: G7H11 | C12: 34.02 | D12: KG | E12: GITPD | F12: 74152024 | G12: 1879604 | H12: 3202656509
A13: 10198469 | B13: G7H11 | C13: 34.02 | D13: KG | E13: GITPD | F13: 74152024 | G13: 1879605 | H13: 3202656509
... A39: 50063261 | B39: G7F05A | C39: 200 | D39: TH | E39: GITPD | F39: 74122024 | G39: 1879631 | H39: 3202810800
A40: 50065302 | B40: G7F08A | C40: 200 | D40: TH | E40: GITPD | G40: 1879632 | H40: 3202810800
A41: 50065302 | B41: G7F08A | C41: 200 | D41: TH | E41: GITPD | G41: 1879633 | H41: 3202810800
A42: 50065302 | B42: G7F08A | C42: 200 | D42: TH | E42: GITPD | G42: 1879634 | H42: 3202810800
A43: 10198938 | B43: G7B12A | C43: 153 | D43: TH | E43: GITPD | F43: 55142024 | G43: 1879635 | H43: 3202810800
A44: 10185465 | B44: R07-02 | C44: 50 | D44: TH | E44: S01 | F44: 4998387 | G44: 1879636 | H44: 3202810800
A45: 10198929 | B45: R04-03 | C45: 4.25 | D45: TH | E45: S02 | F45: 55112024 | G45: 1879637 | H45: 3202810800

Sheet LT22 Screen

Sheet SKU unterbaufähig
A1: SKU | B1: Unterbaufähig (Ja/Nein)
A2: ='LT22 Export'!A2 -> 10192165 | B2: Ja
A3: ='LT22 Export'!A3 -> 10198439 | B3: Ja
A4: ='LT22 Export'!A4 -> 10185733 | B4: Nein
A5: ='LT22 Export'!A6 -> 10179241 | B5: Nein
A6: ='LT22 Export'!A7 -> 10198491 | B6: Ja
A7: ='LT22 Export'!A12 -> 10198469 | B7: Ja
A8: ='LT22 Export'!A18 -> 10198468 | B8: Ja
A9: ='LT22 Export'!A19 -> 10198787 | B9: Ja
A10: ='LT22 Export'!A22 -> 10196266 | B10: Nein
A11: ='LT22 Export'!A25 -> 10198466 | B11: Ja
A12: ='LT22 Export'!A26 -> 10196389 | B12: Nein
A13: ='LT22 Export'!A28 -> 10196275 | B13: Ja
A14: ='LT22 Export'!A29 -> 10196289 | B14: Ja
A15: ='LT22 Export'!A30 -> 10196726 | B15: Ja
A16: ='LT22 Export'!A33 -> 10196408 | B16: Ja
A17: ='LT22 Export'!A34 -> 50063290 | B17: Ja
A18: ='LT22 Export'!A36 -> 50063261 | B18: Ja
A19: ='LT22 Export'!A40 -> 50065302 | B19: Ja
A20: ='LT22 Export'!A43 -> 10198938 | B20: Ja
A21: ='LT22 Export'!A44 -> 10185465 | B21: Ja
A22: ='LT22 Export'!A45 -> 10198929 | B22: Ja
